LoanId,rows_per_loan,unique_targets
LoanId_1,1,1
LoanId_100,1,1
LoanId_1001,1,1
LoanId_1002,1,1
LoanId_1003,1,1
LoanId_1005,2,1
LoanId_1006,1,1
LoanId_1007,1,1
LoanId_1008,1,1
LoanId_101,1,1
LoanId_1011,1,1
LoanId_1012,1,1
LoanId_1013,1,1
LoanId_1015,1,1
LoanId_1016,1,1
LoanId_1017,2,1
LoanId_1019,1,1
LoanId_102,1,1
LoanId_1021,1,1
LoanId_1023,1,1
LoanId_1024,1,1
LoanId_1025,1,1
LoanId_1030,1,1
LoanId_1031,1,1
LoanId_1032,1,1
LoanId_1034,1,1
LoanId_1035,1,1
LoanId_1036,1,1
LoanId_1038,2,1
LoanId_1039,1,1
LoanId_104,1,1
LoanId_1040,1,1
LoanId_1041,1,1
LoanId_1044,1,1
LoanId_1045,1,1
LoanId_1046,2,1
LoanId_1047,1,1
LoanId_1049,1,1
LoanId_1050,1,1
LoanId_1051,2,1
LoanId_1052,1,1
LoanId_1053,3,1
LoanId_1054,1,1
LoanId_1055,1,1
LoanId_1056,1,1
LoanId_1057,1,1
LoanId_1058,1,1
LoanId_1059,1,1
LoanId_106,1,1
LoanId_1060,1,1
LoanId_1061,1,1
LoanId_1062,1,1
LoanId_1063,1,1
LoanId_1064,2,1
LoanId_1066,1,1
LoanId_1068,1,1
LoanId_1069,1,1
LoanId_107,1,1
LoanId_1070,1,1
LoanId_1071,1,1
LoanId_1072,1,1
LoanId_1076,1,1
LoanId_1077,2,1
LoanId_1078,1,1
LoanId_1079,1,1
LoanId_1080,1,1
LoanId_1083,1,1
LoanId_1084,1,1
LoanId_1085,2,1
LoanId_1087,1,1
LoanId_1088,1,1
LoanId_1089,1,1
LoanId_109,1,1
LoanId_1091,1,1
LoanId_1092,1,1
LoanId_1093,1,1
LoanId_1094,1,1
LoanId_1096,9,1
LoanId_1099,1,1
LoanId_11,1,1
LoanId_110,1,1
LoanId_1100,1,1
LoanId_1103,1,1
LoanId_1104,1,1
LoanId_1105,1,1
LoanId_1106,1,1
LoanId_1107,1,1
LoanId_1108,1,1
LoanId_1109,1,1
LoanId_111,1,1
LoanId_1110,1,1
LoanId_1111,1,1
LoanId_1112,1,1
LoanId_1113,1,1
LoanId_1115,1,1
LoanId_1117,1,1
LoanId_1118,1,1
LoanId_1119,1,1
LoanId_112,1,1
LoanId_1123,1,1
LoanId_1124,1,1
LoanId_1125,1,1
LoanId_1126,5,1
LoanId_1127,1,1
LoanId_1128,1,1
LoanId_1129,1,1
LoanId_113,1,1
LoanId_1130,1,1
LoanId_1131,2,1
LoanId_1132,1,1
LoanId_1133,1,1
LoanId_1134,1,1
LoanId_1135,1,1
LoanId_1137,1,1
LoanId_114,1,1
LoanId_1141,1,1
LoanId_1142,1,1
LoanId_1143,1,1
LoanId_1145,3,1
LoanId_1146,1,1
LoanId_1147,3,1
LoanId_1148,1,1
LoanId_1149,1,1
LoanId_115,1,1
LoanId_1151,1,1
LoanId_1152,1,1
LoanId_1154,1,1
LoanId_1155,2,1
LoanId_1156,1,1
LoanId_1157,1,1
LoanId_1158,1,1
LoanId_116,1,1
LoanId_1160,1,1
LoanId_1161,1,1
LoanId_1162,1,1
LoanId_1163,1,1
LoanId_1165,1,1
LoanId_1166,1,1
LoanId_1168,1,1
LoanId_1169,1,1
LoanId_117,1,1
LoanId_1171,1,1
LoanId_1172,1,1
LoanId_1173,1,1
LoanId_1174,4,1
LoanId_1175,1,1
LoanId_1176,1,1
LoanId_1177,1,1
LoanId_1178,1,1
LoanId_1179,1,1
LoanId_1180,1,1
LoanId_1182,1,1
LoanId_1185,1,1
LoanId_1188,1,1
LoanId_1189,1,1
LoanId_119,1,1
LoanId_1190,1,1
LoanId_1192,1,1
LoanId_1193,1,1
LoanId_1194,2,1
LoanId_1195,2,1
LoanId_1196,1,1
LoanId_1197,1,1
LoanId_1198,1,1
LoanId_1199,1,1
LoanId_120,6,1
LoanId_1200,1,1
LoanId_1202,1,1
LoanId_1203,1,1
LoanId_1204,5,1
LoanId_1205,1,1
LoanId_1206,1,1
LoanId_1207,1,1
LoanId_1209,1,1
LoanId_121,1,1
LoanId_1211,1,1
LoanId_1212,1,1
LoanId_1218,1,1
LoanId_1220,1,1
LoanId_1221,1,1
LoanId_1222,1,1
LoanId_1223,1,1
LoanId_1225,1,1
LoanId_1227,8,1
LoanId_1229,1,1
LoanId_123,2,1
LoanId_1232,1,1
LoanId_1233,2,1
LoanId_1234,1,1
LoanId_1239,1,1
LoanId_124,1,1
LoanId_1240,3,1
LoanId_1241,1,1
LoanId_1242,2,1
LoanId_1244,1,1
LoanId_1245,1,1
LoanId_1246,1,1
LoanId_1247,2,1
LoanId_1248,2,1
LoanId_125,1,1
LoanId_1250,1,1
LoanId_1251,1,1
LoanId_1253,1,1
LoanId_1255,1,1
LoanId_1258,1,1
LoanId_1259,1,1
LoanId_1260,1,1
LoanId_1262,1,1
LoanId_1263,2,1
LoanId_1264,1,1
LoanId_1267,1,1
LoanId_1268,2,1
LoanId_127,1,1
LoanId_1270,1,1
LoanId_1271,1,1
LoanId_1274,1,1
LoanId_1275,1,1
LoanId_1276,2,1
LoanId_1278,1,1
LoanId_1282,1,1
LoanId_1283,1,1
LoanId_1284,1,1
LoanId_1286,1,1
LoanId_1287,1,1
LoanId_129,1,1
LoanId_1290,1,1
LoanId_1291,1,1
LoanId_1292,2,1
LoanId_1294,1,1
LoanId_1296,1,1
LoanId_1298,1,1
LoanId_1300,1,1
LoanId_1301,1,1
LoanId_1302,1,1
LoanId_1303,1,1
LoanId_1304,1,1
LoanId_1306,1,1
LoanId_1307,1,1
LoanId_1308,1,1
LoanId_1309,1,1
LoanId_131,1,1
LoanId_1310,1,1
LoanId_1311,1,1
LoanId_1312,1,1
LoanId_1314,1,1
LoanId_1315,1,1
LoanId_1317,1,1
LoanId_1319,1,1
LoanId_132,1,1
LoanId_1320,1,1
LoanId_1321,1,1
LoanId_1323,1,1
LoanId_1324,1,1
LoanId_1325,1,1
LoanId_1326,1,1
LoanId_1328,1,1
LoanId_1329,1,1
LoanId_133,3,1
LoanId_1330,1,1
LoanId_1331,1,1
LoanId_1333,1,1
LoanId_1334,1,1
LoanId_1337,1,1
LoanId_1338,2,1
LoanId_134,1,1
LoanId_1341,1,1
LoanId_1343,1,1
LoanId_1344,2,1
LoanId_1347,1,1
LoanId_1348,1,1
LoanId_1349,1,1
LoanId_135,1,1
LoanId_1350,1,1
LoanId_1354,1,1
LoanId_1355,1,1
LoanId_1356,1,1
LoanId_1357,1,1
LoanId_1358,1,1
LoanId_1359,1,1
LoanId_136,1,1
LoanId_1360,1,1
LoanId_1361,1,1
LoanId_1363,7,1
LoanId_1365,1,1
LoanId_1366,1,1
LoanId_1368,1,1
LoanId_1369,3,1
LoanId_137,1,1
LoanId_1371,1,1
LoanId_1374,2,1
LoanId_1376,4,1
LoanId_138,1,1
LoanId_1380,1,1
LoanId_1381,1,1
LoanId_1382,1,1
LoanId_1383,1,1
LoanId_1384,1,1
LoanId_1385,1,1
LoanId_1387,1,1
LoanId_1388,1,1
LoanId_1389,1,1
LoanId_139,1,1
LoanId_1390,1,1
LoanId_1391,1,1
LoanId_1392,1,1
LoanId_1395,1,1
LoanId_1396,1,1
LoanId_1397,1,1
LoanId_1398,4,1
LoanId_14,1,1
LoanId_1401,1,1
LoanId_1402,1,1
LoanId_1403,2,1
LoanId_1404,1,1
LoanId_1405,1,1
LoanId_1406,1,1
LoanId_1408,1,1
LoanId_1409,1,1
LoanId_1411,5,1
LoanId_1412,4,1
LoanId_1413,1,1
LoanId_1414,1,1
LoanId_1416,2,1
LoanId_1419,1,1
LoanId_142,1,1
LoanId_1420,1,1
LoanId_1422,1,1
LoanId_1423,1,1
LoanId_1424,1,1
LoanId_1425,1,1
LoanId_1427,1,1
LoanId_1428,1,1
LoanId_1429,1,1
LoanId_143,1,1
LoanId_1431,1,1
LoanId_1432,1,1
LoanId_1433,1,1
LoanId_1434,1,1
LoanId_1435,1,1
LoanId_1436,1,1
LoanId_1437,1,1
LoanId_1438,1,1
LoanId_1439,1,1
LoanId_1440,2,1
LoanId_1441,1,1
LoanId_1442,2,1
LoanId_1443,1,1
LoanId_1444,1,1
LoanId_1446,1,1
LoanId_1447,1,1
LoanId_1449,1,1
LoanId_145,1,1
LoanId_1452,1,1
LoanId_1453,1,1
LoanId_1454,3,1
LoanId_1456,1,1
LoanId_1458,1,1
LoanId_1459,1,1
LoanId_146,1,1
LoanId_1461,1,1
LoanId_1462,1,1
LoanId_1465,1,1
LoanId_1467,1,1
LoanId_1468,2,1
LoanId_147,1,1
LoanId_1470,1,1
LoanId_1471,1,1
LoanId_1473,1,1
LoanId_1476,1,1
LoanId_1478,1,1
LoanId_148,1,1
LoanId_1480,1,1
LoanId_1482,1,1
LoanId_1483,2,1
LoanId_1484,1,1
LoanId_1485,1,1
LoanId_1486,1,1
LoanId_1488,1,1
LoanId_149,1,1
LoanId_1490,1,1
LoanId_1491,1,1
LoanId_1492,1,1
LoanId_1493,1,1
LoanId_1495,1,1
LoanId_1496,3,1
LoanId_1497,1,1
LoanId_1499,1,1
LoanId_150,1,1
LoanId_1503,1,1
LoanId_1504,1,1
LoanId_1507,1,1
LoanId_1508,1,1
LoanId_1509,1,1
LoanId_151,2,1
LoanId_1510,3,1
LoanId_1513,1,1
LoanId_1515,1,1
LoanId_1516,1,1
LoanId_1518,1,1
LoanId_1519,1,1
LoanId_152,2,1
LoanId_1522,1,1
LoanId_1523,1,1
LoanId_1525,1,1
LoanId_1526,1,1
LoanId_1527,1,1
LoanId_1529,1,1
LoanId_153,1,1
LoanId_1530,1,1
LoanId_1532,1,1
LoanId_1533,1,1
LoanId_1534,1,1
LoanId_1535,1,1
LoanId_1537,1,1
LoanId_1538,1,1
LoanId_1539,2,1
LoanId_154,1,1
LoanId_1540,1,1
LoanId_1541,1,1
LoanId_1542,1,1
LoanId_1543,1,1
LoanId_1544,1,1
LoanId_1546,1,1
LoanId_1548,1,1
LoanId_155,1,1
LoanId_1550,1,1
LoanId_1551,1,1
LoanId_1552,1,1
LoanId_1554,1,1
LoanId_1556,1,1
LoanId_1557,1,1
LoanId_1558,2,1
LoanId_1559,1,1
LoanId_156,1,1
LoanId_1560,1,1
LoanId_1562,1,1
LoanId_1563,2,1
LoanId_1564,1,1
LoanId_1565,1,1
LoanId_1567,1,1
LoanId_1568,1,1
LoanId_157,1,1
LoanId_1570,1,1
LoanId_1571,3,1
LoanId_1573,1,1
LoanId_1574,1,1
LoanId_1576,1,1
LoanId_1578,4,1
LoanId_1580,1,1
LoanId_1582,2,1
LoanId_1583,1,1
LoanId_1584,1,1
LoanId_1585,1,1
LoanId_1586,1,1
LoanId_1587,1,1
LoanId_1588,1,1
LoanId_1589,1,1
LoanId_159,1,1
LoanId_1590,2,1
LoanId_1591,1,1
LoanId_1594,1,1
LoanId_1595,1,1
LoanId_1596,1,1
LoanId_1597,2,1
LoanId_1598,2,1
LoanId_1599,1,1
LoanId_1600,1,1
LoanId_1601,1,1
LoanId_1602,1,1
LoanId_1603,1,1
LoanId_1604,1,1
LoanId_1605,1,1
LoanId_1607,1,1
LoanId_1608,2,1
LoanId_1610,2,1
LoanId_1612,1,1
LoanId_1613,1,1
LoanId_1614,1,1
LoanId_1616,5,1
LoanId_1619,1,1
LoanId_162,1,1
LoanId_1622,1,1
LoanId_1623,1,1
LoanId_1624,1,1
LoanId_1625,1,1
LoanId_1628,1,1
LoanId_1629,1,1
LoanId_163,1,1
LoanId_1630,1,1
LoanId_1631,1,1
LoanId_1636,1,1
LoanId_1637,1,1
LoanId_1638,1,1
LoanId_164,1,1
LoanId_167,1,1
LoanId_168,1,1
LoanId_169,1,1
LoanId_17,1,1
LoanId_170,1,1
LoanId_171,1,1
LoanId_172,2,1
LoanId_173,1,1
LoanId_174,1,1
LoanId_175,1,1
LoanId_176,1,1
LoanId_178,1,1
LoanId_179,1,1
LoanId_18,1,1
LoanId_180,1,1
LoanId_181,1,1
LoanId_182,1,1
LoanId_183,1,1
LoanId_186,1,1
LoanId_188,1,1
LoanId_19,1,1
LoanId_190,1,1
LoanId_191,1,1
LoanId_192,1,1
LoanId_193,1,1
LoanId_194,1,1
LoanId_195,3,1
LoanId_196,1,1
LoanId_197,1,1
LoanId_200,1,1
LoanId_201,1,1
LoanId_205,1,1
LoanId_207,2,1
LoanId_208,1,1
LoanId_209,1,1
LoanId_21,1,1
LoanId_210,2,1
LoanId_211,1,1
LoanId_212,1,1
LoanId_213,1,1
LoanId_214,1,1
LoanId_215,4,1
LoanId_217,1,1
LoanId_218,1,1
LoanId_22,1,1
LoanId_220,1,1
LoanId_221,1,1
LoanId_223,1,1
LoanId_224,1,1
LoanId_225,1,1
LoanId_226,1,1
LoanId_227,1,1
LoanId_229,2,1
LoanId_23,1,1
LoanId_230,1,1
LoanId_231,1,1
LoanId_233,1,1
LoanId_234,1,1
LoanId_235,1,1
LoanId_236,1,1
LoanId_24,1,1
LoanId_240,1,1
LoanId_241,1,1
LoanId_244,1,1
LoanId_245,1,1
LoanId_247,1,1
LoanId_248,1,1
LoanId_249,1,1
LoanId_25,1,1
LoanId_250,1,1
LoanId_252,1,1
LoanId_253,1,1
LoanId_254,1,1
LoanId_256,1,1
LoanId_257,1,1
LoanId_258,1,1
LoanId_259,1,1
LoanId_260,1,1
LoanId_261,1,1
LoanId_262,1,1
LoanId_263,1,1
LoanId_264,1,1
LoanId_265,1,1
LoanId_266,1,1
LoanId_267,1,1
LoanId_268,1,1
LoanId_269,2,1
LoanId_272,1,1
LoanId_274,1,1
LoanId_275,1,1
LoanId_277,1,1
LoanId_278,1,1
LoanId_279,1,1
LoanId_28,1,1
LoanId_281,1,1
LoanId_282,1,1
LoanId_283,1,1
LoanId_284,1,1
LoanId_285,1,1
LoanId_286,11,1
LoanId_287,1,1
LoanId_288,1,1
LoanId_289,1,1
LoanId_29,1,1
LoanId_290,1,1
LoanId_293,1,1
LoanId_294,4,1
LoanId_295,1,1
LoanId_296,1,1
LoanId_297,1,1
LoanId_298,1,1
LoanId_299,1,1
LoanId_30,1,1
LoanId_300,1,1
LoanId_302,2,1
LoanId_303,1,1
LoanId_304,1,1
LoanId_306,6,1
LoanId_307,1,1
LoanId_309,1,1
LoanId_31,1,1
LoanId_310,1,1
LoanId_311,1,1
LoanId_312,1,1
LoanId_314,1,1
LoanId_315,1,1
LoanId_316,1,1
LoanId_317,1,1
LoanId_318,2,1
LoanId_319,2,1
LoanId_320,1,1
LoanId_321,1,1
LoanId_322,1,1
LoanId_323,1,1
LoanId_324,1,1
LoanId_325,1,1
LoanId_326,1,1
LoanId_328,1,1
LoanId_329,1,1
LoanId_33,1,1
LoanId_332,1,1
LoanId_333,1,1
LoanId_335,1,1
LoanId_336,1,1
LoanId_337,1,1
LoanId_338,1,1
LoanId_34,1,1
LoanId_340,1,1
LoanId_341,1,1
LoanId_343,1,1
LoanId_344,6,1
LoanId_345,1,1
LoanId_346,1,1
LoanId_347,1,1
LoanId_349,1,1
LoanId_35,1,1
LoanId_350,1,1
LoanId_351,1,1
LoanId_352,1,1
LoanId_353,1,1
LoanId_355,1,1
LoanId_356,2,1
LoanId_357,1,1
LoanId_358,1,1
LoanId_359,1,1
LoanId_36,9,1
LoanId_360,1,1
LoanId_361,1,1
LoanId_362,1,1
LoanId_363,1,1
LoanId_364,3,1
LoanId_365,2,1
LoanId_366,1,1
LoanId_367,1,1
LoanId_368,1,1
LoanId_369,1,1
LoanId_37,1,1
LoanId_372,1,1
LoanId_374,1,1
LoanId_378,1,1
LoanId_379,1,1
LoanId_381,1,1
LoanId_382,1,1
LoanId_383,1,1
LoanId_386,1,1
LoanId_387,1,1
LoanId_389,1,1
LoanId_391,1,1
LoanId_392,8,1
LoanId_393,1,1
LoanId_394,1,1
LoanId_395,1,1
LoanId_396,1,1
LoanId_398,1,1
LoanId_399,1,1
LoanId_4,1,1
LoanId_40,1,1
LoanId_402,1,1
LoanId_403,1,1
LoanId_404,1,1
LoanId_405,1,1
LoanId_406,1,1
LoanId_408,1,1
LoanId_409,1,1
LoanId_41,1,1
LoanId_410,1,1
LoanId_412,1,1
LoanId_414,4,1
LoanId_415,1,1
LoanId_416,1,1
LoanId_417,12,1
LoanId_418,1,1
LoanId_419,1,1
LoanId_420,11,1
LoanId_424,1,1
LoanId_425,1,1
LoanId_426,1,1
LoanId_427,1,1
LoanId_428,1,1
LoanId_429,1,1
LoanId_43,1,1
LoanId_430,1,1
LoanId_431,1,1
LoanId_432,1,1
LoanId_433,1,1
LoanId_434,2,1
LoanId_435,1,1
LoanId_436,1,1
LoanId_439,1,1
LoanId_44,1,1
LoanId_440,2,1
LoanId_441,1,1
LoanId_442,1,1
LoanId_443,1,1
LoanId_446,1,1
LoanId_447,1,1
LoanId_448,2,1
LoanId_449,1,1
LoanId_45,1,1
LoanId_451,1,1
LoanId_453,1,1
LoanId_456,1,1
LoanId_458,1,1
LoanId_46,1,1
LoanId_461,1,1
LoanId_462,1,1
LoanId_463,1,1
LoanId_464,1,1
LoanId_465,1,1
LoanId_467,1,1
LoanId_47,1,1
LoanId_470,1,1
LoanId_474,1,1
LoanId_475,1,1
LoanId_476,1,1
LoanId_477,1,1
LoanId_479,1,1
LoanId_48,2,1
LoanId_480,1,1
LoanId_482,1,1
LoanId_483,1,1
LoanId_484,1,1
LoanId_485,1,1
LoanId_486,2,1
LoanId_487,1,1
LoanId_488,1,1
LoanId_489,1,1
LoanId_49,7,1
LoanId_492,1,1
LoanId_495,1,1
LoanId_496,1,1
LoanId_497,1,1
LoanId_499,1,1
LoanId_5,1,1
LoanId_50,1,1
LoanId_500,1,1
LoanId_502,1,1
LoanId_503,1,1
LoanId_504,1,1
LoanId_505,1,1
LoanId_506,1,1
LoanId_507,1,1
LoanId_508,1,1
LoanId_51,1,1
LoanId_510,4,1
LoanId_511,1,1
LoanId_512,1,1
LoanId_513,2,1
LoanId_515,1,1
LoanId_518,2,1
LoanId_519,1,1
LoanId_520,1,1
LoanId_521,1,1
LoanId_522,1,1
LoanId_523,1,1
LoanId_524,1,1
LoanId_525,1,1
LoanId_526,2,1
LoanId_527,1,1
LoanId_53,1,1
LoanId_530,1,1
LoanId_531,1,1
LoanId_532,4,1
LoanId_536,1,1
LoanId_537,1,1
LoanId_539,1,1
LoanId_54,1,1
LoanId_540,1,1
LoanId_541,1,1
LoanId_542,1,1
LoanId_544,1,1
LoanId_545,1,1
LoanId_546,2,1
LoanId_547,1,1
LoanId_548,1,1
LoanId_549,1,1
LoanId_55,3,1
LoanId_550,1,1
LoanId_552,1,1
LoanId_553,1,1
LoanId_554,1,1
LoanId_555,1,1
LoanId_556,2,1
LoanId_558,1,1
LoanId_559,1,1
LoanId_56,1,1
LoanId_561,1,1
LoanId_562,1,1
LoanId_563,1,1
LoanId_564,1,1
LoanId_565,1,1
LoanId_566,1,1
LoanId_568,1,1
LoanId_569,1,1
LoanId_57,1,1
LoanId_570,1,1
LoanId_571,1,1
LoanId_572,3,1
LoanId_573,1,1
LoanId_574,1,1
LoanId_575,1,1
LoanId_576,1,1
LoanId_577,1,1
LoanId_58,1,1
LoanId_580,1,1
LoanId_581,1,1
LoanId_582,1,1
LoanId_585,1,1
LoanId_586,1,1
LoanId_589,1,1
LoanId_590,1,1
LoanId_591,1,1
LoanId_593,1,1
LoanId_594,2,1
LoanId_596,1,1
LoanId_6,1,1
LoanId_60,1,1
LoanId_600,1,1
LoanId_601,1,1
LoanId_602,1,1
LoanId_603,1,1
LoanId_604,4,1
LoanId_607,1,1
LoanId_608,1,1
LoanId_61,1,1
LoanId_610,1,1
LoanId_611,1,1
LoanId_612,1,1
LoanId_613,1,1
LoanId_614,2,1
LoanId_615,1,1
LoanId_616,1,1
LoanId_618,1,1
LoanId_619,1,1
LoanId_62,3,1
LoanId_620,1,1
LoanId_621,2,1
LoanId_622,1,1
LoanId_624,1,1
LoanId_625,1,1
LoanId_626,1,1
LoanId_627,1,1
LoanId_628,1,1
LoanId_629,9,1
LoanId_631,1,1
LoanId_633,1,1
LoanId_634,1,1
LoanId_635,1,1
LoanId_636,1,1
LoanId_637,1,1
LoanId_639,1,1
LoanId_640,1,1
LoanId_641,1,1
LoanId_642,1,1
LoanId_644,1,1
LoanId_645,1,1
LoanId_647,1,1
LoanId_648,1,1
LoanId_649,1,1
LoanId_65,1,1
LoanId_650,1,1
LoanId_652,1,1
LoanId_653,6,1
LoanId_654,1,1
LoanId_655,1,1
LoanId_656,6,1
LoanId_657,1,1
LoanId_658,1,1
LoanId_66,1,1
LoanId_660,1,1
LoanId_661,1,1
LoanId_662,1,1
LoanId_663,1,1
LoanId_664,1,1
LoanId_665,2,1
LoanId_666,1,1
LoanId_667,2,1
LoanId_668,1,1
LoanId_669,1,1
LoanId_674,1,1
LoanId_676,1,1
LoanId_679,1,1
LoanId_68,1,1
LoanId_680,1,1
LoanId_683,1,1
LoanId_684,1,1
LoanId_685,1,1
LoanId_687,2,1
LoanId_689,1,1
LoanId_69,1,1
LoanId_690,1,1
LoanId_691,1,1
LoanId_692,1,1
LoanId_693,3,1
LoanId_696,2,1
LoanId_697,1,1
LoanId_698,4,1
LoanId_7,1,1
LoanId_700,3,1
LoanId_701,1,1
LoanId_703,1,1
LoanId_704,1,1
LoanId_705,1,1
LoanId_706,1,1
LoanId_707,2,1
LoanId_708,1,1
LoanId_709,2,1
LoanId_71,1,1
LoanId_713,1,1
LoanId_714,1,1
LoanId_717,1,1
LoanId_718,1,1
LoanId_72,1,1
LoanId_720,1,1
LoanId_721,5,1
LoanId_723,1,1
LoanId_724,1,1
LoanId_726,1,1
LoanId_727,1,1
LoanId_728,1,1
LoanId_729,1,1
LoanId_73,1,1
LoanId_730,1,1
LoanId_731,1,1
LoanId_733,1,1
LoanId_734,1,1
LoanId_735,1,1
LoanId_736,1,1
LoanId_739,1,1
LoanId_74,1,1
LoanId_740,1,1
LoanId_741,2,1
LoanId_742,1,1
LoanId_743,1,1
LoanId_744,2,1
LoanId_745,1,1
LoanId_748,1,1
LoanId_75,1,1
LoanId_751,1,1
LoanId_752,1,1
LoanId_753,1,1
LoanId_754,1,1
LoanId_755,1,1
LoanId_756,1,1
LoanId_757,1,1
LoanId_760,1,1
LoanId_761,2,1
LoanId_762,1,1
LoanId_764,1,1
LoanId_765,1,1
LoanId_766,1,1
LoanId_769,1,1
LoanId_77,2,1
LoanId_770,1,1
LoanId_772,1,1
LoanId_773,1,1
LoanId_775,1,1
LoanId_777,1,1
LoanId_778,1,1
LoanId_78,5,1
LoanId_781,1,1
LoanId_783,1,1
LoanId_785,1,1
LoanId_787,1,1
LoanId_788,1,1
LoanId_789,1,1
LoanId_79,1,1
LoanId_791,1,1
LoanId_793,1,1
LoanId_794,1,1
LoanId_795,1,1
LoanId_796,9,1
LoanId_797,2,1
LoanId_799,1,1
LoanId_80,1,1
LoanId_800,1,1
LoanId_801,1,1
LoanId_802,1,1
LoanId_803,1,1
LoanId_807,1,1
LoanId_81,1,1
LoanId_810,2,1
LoanId_811,1,1
LoanId_813,1,1
LoanId_819,1,1
LoanId_821,1,1
LoanId_822,1,1
LoanId_823,1,1
LoanId_825,1,1
LoanId_826,1,1
LoanId_828,1,1
LoanId_83,2,1
LoanId_830,2,1
LoanId_831,1,1
LoanId_832,1,1
LoanId_833,3,1
LoanId_834,1,1
LoanId_835,1,1
LoanId_837,1,1
LoanId_838,1,1
LoanId_839,2,1
LoanId_84,1,1
LoanId_840,1,1
LoanId_842,1,1
LoanId_843,1,1
LoanId_844,1,1
LoanId_845,1,1
LoanId_847,1,1
LoanId_848,1,1
LoanId_85,1,1
LoanId_850,1,1
LoanId_852,5,1
LoanId_853,1,1
LoanId_854,7,1
LoanId_855,1,1
LoanId_856,1,1
LoanId_857,1,1
LoanId_858,1,1
LoanId_86,1,1
LoanId_861,2,1
LoanId_862,1,1
LoanId_864,1,1
LoanId_866,2,1
LoanId_867,1,1
LoanId_868,1,1
LoanId_869,1,1
LoanId_870,1,1
LoanId_871,1,1
LoanId_872,1,1
LoanId_875,1,1
LoanId_877,1,1
LoanId_879,1,1
LoanId_882,1,1
LoanId_883,1,1
LoanId_884,1,1
LoanId_885,1,1
LoanId_887,1,1
LoanId_888,1,1
LoanId_889,1,1
LoanId_89,1,1
LoanId_890,1,1
LoanId_891,1,1
LoanId_892,1,1
LoanId_893,2,1
LoanId_894,1,1
LoanId_897,3,1
LoanId_899,1,1
LoanId_9,1,1
LoanId_90,1,1
LoanId_900,1,1
LoanId_901,1,1
LoanId_902,1,1
LoanId_903,1,1
LoanId_904,1,1
LoanId_905,1,1
LoanId_908,2,1
LoanId_91,1,1
LoanId_910,1,1
LoanId_911,1,1
LoanId_912,1,1
LoanId_914,1,1
LoanId_917,1,1
LoanId_92,1,1
LoanId_921,1,1
LoanId_922,1,1
LoanId_924,1,1
LoanId_925,1,1
LoanId_926,1,1
LoanId_927,1,1
LoanId_928,1,1
LoanId_929,1,1
LoanId_93,1,1
LoanId_930,1,1
LoanId_931,2,1
LoanId_934,1,1
LoanId_935,1,1
LoanId_936,1,1
LoanId_937,1,1
LoanId_938,1,1
LoanId_94,1,1
LoanId_940,2,1
LoanId_941,1,1
LoanId_942,1,1
LoanId_943,1,1
LoanId_944,1,1
LoanId_945,1,1
LoanId_946,3,1
LoanId_948,3,1
LoanId_951,2,1
LoanId_952,1,1
LoanId_953,1,1
LoanId_954,1,1
LoanId_955,1,1
LoanId_957,1,1
LoanId_959,1,1
LoanId_960,1,1
LoanId_962,1,1
LoanId_963,2,1
LoanId_964,1,1
LoanId_966,3,1
LoanId_967,1,1
LoanId_968,1,1
LoanId_97,1,1
LoanId_970,1,1
LoanId_971,3,1
LoanId_974,1,1
LoanId_975,1,1
LoanId_976,1,1
LoanId_977,1,1
LoanId_978,1,1
LoanId_98,10,1
LoanId_980,2,1
LoanId_981,2,1
LoanId_982,1,1
LoanId_983,1,1
LoanId_984,2,1
LoanId_985,1,1
LoanId_986,1,1
LoanId_987,1,1
LoanId_988,1,1
LoanId_989,1,1
LoanId_99,1,1
LoanId_994,1,1
LoanId_995,1,1
LoanId_999,1,1
